,ProductNames
0,Chocolate Bar - Smarties
1,Pepper - Red Bell
2,Chickensplit Half
3,Zucchini - Green
4,"Cod - Salted, Boneless"
5,Flower - Dish Garden
6,"Beef - Rouladin, Sliced"
7,"Cheese - Brie, Cups 125g"
8,Clam - Cherrystone
9,Coffee Cup 8oz 5338cd
10,Sprouts - Alfalfa
11,Flour - Semolina
12,Monkfish - Fresh
13,Pepper - Green Thai
14,Oranges
15,"Beef - Tenderlion, Center Cut"
16,"Octopus - Baby, Cleaned"
17,Rootbeer
18,Water - Tonic
19,Longos - Chicken Caeser Salad
20,Hummus - Spread
21,Curry Powder
22,"Bread - Crumbs, Bulk"
23,Lamb - Loin Chops
24,Coffee Cup 16oz Foam
25,Towel Dispenser
26,Muskox - French Rack
27,Soup - Campbells Asian Noodle
28,Soup - Base Broth Beef
29,Cake - Lemon Chiffon
30,Onions - Red Pearl
31,Green Tea Refresher
32,"Rum - Coconut, Malibu"
33,Bagel - Everything
34,Trueblue - Blueberry 12x473ml
35,Cheese - St. Andre
36,Wine - Mondavi Coastal Private
37,Rice Wine - Aji Mirin
38,"Vodka - Hot, Lnferno"
39,Tarragon - Fresh
40,Lobster - Cooked
41,"Lemonade - Kiwi, 591 Ml"
42,Crackers Cheez It
43,Pomello
44,Rabbit - Whole
45,Wine - Vovray Sec Domaine Huet
46,Monkfish - Fresh
47,Appetizer - Escargot Puff
48,Mustard Prepared
49,Sherry - Dry
50,Wine - Penfolds Koonuga Hill
51,"Sparkling Wine - Rose, Freixenet"
52,Peppercorns - Green
53,"Arctic Char - Fresh, Whole"
54,Cilantro / Coriander - Fresh
55,Ecolab - Solid Fusion
56,Spinach - Frozen
57,Potatoes - Mini White 3 Oz
58,Beets - Mini Golden
59,"Lemonade - Strawberry, 591 Ml"
60,"Rum - Cream, Amarula"
61,Wheat - Soft Kernal Of Wheat
62,Bulgar
63,"Pasta - Orzo, Dry"
64,Tea - Lemon Scented
65,Tray - 12in Rnd Blk
66,Peppercorns - Pink
67,Sauce - Vodka Blush
68,"Appetizer - Mini Egg Roll, Shrimp"
69,Cheese - Fontina
70,Cattail Hearts
71,Napkin White - Starched
72,Pork - Ham Hocks - Smoked
73,"Lamb - Whole Head Off,nz"
74,Filo Dough
75,Jerusalem Artichoke
76,Cookie Dough - Chunky
77,Wine - Semi Dry Riesling Vineland
78,Spice - Pepper Portions
79,Aspic - Amber
80,Leeks - Large
81,Easy Off Oven Cleaner
82,White Baguette
83,Petit Baguette
84,Chives - Fresh
85,Tea - Herbal Sweet Dreams
86,Dasheen
87,"Nut - Walnut, Chopped"
88,Pop Shoppe Cream Soda
89,Island Oasis - Magarita Mix
90,Chicken - Leg / Back Attach
91,Loquat
92,"Wine - Red, Black Opal Shiraz"
93,Vacuum Bags 12x16
94,Bag - Clear 7 Lb
95,"Lemonade - Strawberry, 591 Ml"
96,"Soup - Beef Conomme, Dry"
97,Appetizer - Veg Assortment
98,Cookies - Englishbay Wht
99,Coffee - Decafenated
100,Fork - Plastic
101,Foie Gras
102,Country Roll
103,Sauerkraut
104,Hagen Daza - Dk Choocolate
105,Red Currants
106,Cheese - Valancey
107,Pepper - Green Thai
108,Tomato - Plum With Basil
109,Snapple Raspberry Tea
110,Rice Paper
111,Pastry - French Mini Assorted
112,Lobster - Cooked
113,Wine - Rubyport
114,"Lemonade - Kiwi, 591 Ml"
115,"Salmon - Atlantic, No Skin"
116,Flour - Rye
117,Oil - Sunflower
118,Tomatillo
119,Flour - Chickpea
120,Soup - Campbells Chili
121,Cheese - Marble
122,"Capon - Breast, Double, Wing On"
123,Pernod
124,"Pasta - Orzo, Dry"
125,Sauce - Caesar Dressing
126,Chicken - White Meat With Tender
127,"Yogurt - Raspberry, 175 Gr"
128,Compound - Orange
129,Calypso - Lemonade
130,Sesame Seed Black
131,"Pork - Bacon,back Peameal"
132,Allspice - Jamaican
133,Coffee Cup 12oz 5342cd
134,Bread - Sour Batard
135,Bandage - Fexible 1x3
136,Seaweed Green Sheets
137,Beef - Montreal Smoked Brisket
138,Lemon Pepper
139,Wine - Delicato Merlot
140,"Juice - Orange, 341 Ml"
141,Crab Brie In Phyllo
142,Muffin - Bran Ind Wrpd
143,Kellogs Special K Cereal
144,Ecolab - Mikroklene 4/4 L
145,Cabbage - Nappa
146,Energy Drink Bawls
147,"Juice - Apple, 341 Ml"
148,Paper - Brown Paper Mini Cups
149,Cookies Almond Hazelnut
150,"Chilli Paste, Ginger Garlic"
151,Maple Syrup
152,Soup Campbells Beef With Veg
153,Milk - Buttermilk
154,"Soup - French Onion, Dry"
155,Chicken - Tenderloin
156,Beer - Heinekin
157,Browning Caramel Glace
158,Tobasco Sauce
159,Coffee - Decaffeinato Coffee
160,Cheese - Brick With Pepper
161,Chip - Potato Dill Pickle
162,Peppercorns - Green
163,Island Oasis - Peach Daiquiri
164,Sage Derby
165,"Pork - Bacon, Sliced"
166,Goat - Whole Cut
167,"Tart Shells - Sweet, 3"
168,Bay Leaf Fresh
169,"Cheese - Brie,danish"
170,Longos - Cheese Tortellini
171,Sunflower Seed Raw
172,Beef - Tenderloin Tails
173,Paper Towel Touchless
174,Muffin Mix - Carrot
175,Sambuca Cream
176,Plasticforkblack
177,"Cheese - Brie,danish"
178,"Pasta - Detalini, White, Fresh"
179,Napkin White
180,Cup Translucent 9 Oz
181,"Juice - Apple, 500 Ml"
182,Wine - Kwv Chenin Blanc South
183,"Beets - Candy Cane, Organic"
184,Table Cloth 54x72 Colour
185,Flour - Teff
186,Cheese - Pont Couvert
187,Chocolate Liqueur - Godet White
188,Brandy Cherry - Mcguinness
189,"Lemonade - Island Tea, 591 Ml"
190,Loquat
191,Beer - Blue
192,"Mushroom - Morels, Dry"
193,Pears - Bartlett
194,"Tart Shells - Sweet, 4"
195,"Wine - Red, Black Opal Shiraz"
196,Yogurt - Assorted Pack
197,Shark - Loin
198,Apricots - Dried
199,Scampi Tail
200,Kolrabi
201,"Garlic - Primerba, Paste"
202,"Pork - Tenderloin, Fresh"
203,"Soup - Knorr, Country Bean"
204,Shichimi Togarashi Peppeers
205,Shortbread - Cookie Crumbs
206,Shrimp - Tiger 21/25
207,Ice Cream Bar - Drumstick
208,Island Oasis - Ice Cream Mix
209,Ice Cream Bar - Hagen Daz
210,Squash - Guords
211,Tomato - Peeled Italian Canned
212,Chips - Doritos
213,Nantucket - 518ml
214,Vinegar - Sherry
215,"Beets - Candy Cane, Organic"
216,"Tarragon - Primerba, Paste"
217,Salt And Pepper Mix - White
218,Whmis - Spray Bottle Trigger
219,Vodka - Moskovskaya
220,Syrup - Monin - Granny Smith
221,Muffin - Carrot Individual Wrap
222,Mix Pina Colada
223,"Pasta - Spaghetti, Dry"
224,Cheese - Colby
225,"Veal - Brisket, Provimi,bnls"
226,Wine - Clavet Saint Emilion
227,Cake - Mini Potato Pancake
228,Chevril
229,Peas Snow
230,Pate Pans Yellow
231,Bread Base - Toscano
232,"Pasta - Fusili, Dry"
233,Pork Ham Prager
234,Sauce - Balsamic Viniagrette
235,"Mushrooms - Black, Dried"
236,Bread Bowl Plain
237,"Pepper - Green, Chili"
238,Container - Foam Dixie 12 Oz
239,Lid - 3oz Med Rec
240,Tray - 16in Rnd Blk
241,Extract - Raspberry
242,Potato - Sweet
243,Goat - Whole Cut
244,Coffee - Hazelnut Cream
245,Yoplait - Strawbrasp Peac
246,Veal - Leg
247,Sultanas
248,Cake - Pancake
249,Chicken Thigh - Bone Out
250,Lettuce - Escarole
251,"Carrots - Purple, Organic"
252,Hand Towel
253,Sprouts - Brussel
254,Beef - Prime Rib Aaa
255,Beef - Tenderloin - Aa
256,Bonito Flakes - Toku Katsuo
257,Bagel - Sesame Seed Presliced
258,Triple Sec - Mcguinness
259,Wine - Cousino Macul Antiguas
260,"Lentils - Green, Dry"
261,Beef - Kobe Striploin
262,Lobster - Live
263,"Wine - Magnotta - Red, Baco"
264,Foil - 4oz Custard Cup
265,Ginger - Crystalized
266,Eggwhite Frozen
267,Spice - Chili Powder Mexican
268,Sword Pick Asst
269,"Tarragon - Primerba, Paste"
270,Butcher Twine 4r
271,"Wine - White, Riesling, Semi - Dry"
272,Bread Base - Italian
273,Peas - Frozen
274,Tart - Lemon
275,Coffee - Irish Cream
276,Kumquat
277,Flower - Commercial Bronze
278,Strawberries - California
279,Wine - Magnotta - Cab Franc
280,Foam Tray S2
281,"Pork - Loin, Center Cut"
282,Bread - Granary Small Pull
283,Five Alive Citrus
284,Horseradish - Prepared
285,Island Oasis - Ice Cream Mix
286,Veal - Bones
287,"Crab - Claws, Snow 16 - 24"
288,Gatorade - Lemon Lime
289,"Jam - Raspberry,jar"
290,Lettuce - Curly Endive
291,"Quail - Whole, Boneless"
292,Ecolab Crystal Fusion
293,Shopper Bag - S - 4
294,Muffin - Bran Ind Wrpd
295,"Sauce - White, Mix"
296,Marjoram - Fresh
297,Hog / Sausage Casing - Pork
298,Kaffir Lime Leaves
299,Beef - Kobe Striploin
300,Wheat - Soft Kernal Of Wheat
301,Soap - Pine Sol Floor Cleaner
302,Scallops - Live In Shell
303,Rum - Mount Gay Eclipes
304,"Oregano - Dry, Rubbed"
305,Cake - Night And Day Choclate
306,Tomatoes
307,White Baguette
308,Vaccum Bag - 14x20
309,Vinegar - Raspberry
310,Longos - Chicken Caeser Salad
311,"Jam - Strawberry, 20 Ml Jar"
312,Wine - Merlot Vina Carmen
313,"Oil - Olive, Extra Virgin"
314,Table Cloth 90x90 Colour
315,Cabbage - Green
316,Oil - Margarine
317,Glass Clear 7 Oz Xl
318,Oil - Safflower
319,Wine - Domaine Boyar Royal
320,Pimento - Canned
321,Sauce - Sesame Thai Dressing
322,Jerusalem Artichoke
323,Eggplant Oriental
324,Versatainer Nc - 888
325,Juice - Orangina
326,External Supplier
327,Pan Grease
328,Onions Granulated
329,Beets - Pickled
330,Glass Clear 8 Oz
331,Beer - Maudite
332,Cleaner - Comet
333,Goldschalger
334,Olives - Stuffed
335,Bouillion - Fish
336,Wine - Cousino Macul Antiguas
337,Rosemary - Fresh
338,Brandy Apricot
339,Thyme - Fresh
340,Shrimp - Black Tiger 26/30
341,Longos - Burritos
342,Beef - Tenderloin Tails
343,Honey - Liquid
344,"Juice - Apple, 1.36l"
345,Plasticspoonblack
346,Ecolab - Hobart Upr Prewash Arm
347,Cheese Cloth
348,Wooden Mop Handle
349,Herb Du Provence - Primerba
350,Asparagus - Frozen
351,Cotton Wet Mop 16 Oz
352,Momiji Oroshi Chili Sauce
353,Beer - Creemore
354,Table Cloth 62x114 White
355,Sugar - Icing
356,Sausage - Andouille
357,Wine - Riesling Dr. Pauly
358,Bread - Rye
359,Venison - Striploin
360,Wine - Shiraz Wolf Blass Premium
361,Veal - Heart
362,Emulsifier
363,Salami - Genova
364,Raspberries - Fresh
365,Flavouring - Orange
366,Salmon - Fillets
367,Lotus Leaves
368,Cheese - Marble
369,Red Currants
370,Pepper - Cubanelle
371,Melon - Honey Dew
372,Lemonade - Pineapple Passion
373,Carrots - Jumbo
374,Arizona - Green Tea
375,Spic And Span All Purpose
376,Steamers White
377,"Yogurt - Cherry, 175 Gr"
378,Crackers - Soda / Saltins
379,Sauce - Fish 25 Ozf Bottle
380,Cream - 10%
381,"Beef - Bones, Marrow"
382,Cotton Wet Mop 16 Oz
383,Pork - Smoked Back Bacon
384,Wine - Montecillo Rioja Crianza
385,Cream - 35%
386,Cardamon Seed / Pod
387,Chutney Sauce
388,"Squash - Pattypan, Yellow"
389,"Pork - Back, Long Cut, Boneless"
390,Ice Cream - Fudge Bars
391,"Pepper - Green, Chili"
392,Chivas Regal - 12 Year Old
393,Gingerale - Diet - Schweppes
394,Onions - Cooking
395,Wine - Chateau Aqueria Tavel
396,"Yogurt - Banana, 175 Gr"
397,Dried Figs
398,Lamb Leg - Bone - In Nz
399,Lettuce - Baby Salad Greens
400,Cheese - Mozzarella
401,Bagel - Sesame Seed Presliced
402,"Lemonade - Black Cherry, 591 Ml"
403,Coffee Cup 16oz Foam
404,"Juice - Clamato, 341 Ml"
405,Bread - Multigrain
406,Beer - Mill St Organic
407,Olives - Kalamata
408,"Lamb - Loin, Trimmed, Boneless"
409,Oil - Avocado
410,"Cake Circle, Foil, Scallop"
411,Table Cloth 54x72 Colour
412,Pepper - Chili Powder
413,Beans - French
414,Guava
415,Curry Powder
416,Wine - Montecillo Rioja Crianza
417,Rice - Aborio
418,"Potatoes - Instant, Mashed"
419,"Lamb - Whole Head Off,nz"
420,Bacardi Limon
421,Devonshire Cream
422,Country Roll
423,"Coke - Classic, 355 Ml"
424,Sauce - Hp
425,Table Cloth 144x90 White
426,Eggplant Oriental
427,Lettuce - Boston Bib - Organic
428,Black Currants
429,Wine - Fume Blanc Fetzer
430,Mustard - Seed
431,"Stock - Chicken, White"
432,"Quail - Whole, Bone - In"
433,"Placemat - Scallop, White"
434,Remy Red Berry Infusion
435,Eggroll
436,Beans - Green
437,Bagel - Sesame Seed Presliced
438,Lamb - Sausage Casings
439,Clams - Canned
440,Vector Energy Bar
441,Chutney Sauce
442,Crackers - Water
443,Gherkin
444,"Nut - Hazelnut, Ground, Natural"
445,Flower - Leather Leaf Fern
446,Onion Powder
447,"Turkey - Breast, Double"
448,Flour - Semolina
449,"Bread - Roll, Canadian Dinner"
450,"Pail - 4l White, With Handle"
451,Breadfruit
452,Tomato Paste
453,Cumin - Ground
454,"Juice - Grape, White"
455,Pastry - Chocolate Chip Muffin
456,Lettuce - Belgian Endive
457,Five Alive Citrus
458,Vol Au Vents
459,"Wine - White, Ej"
460,Soup - Tomato Mush. Florentine
461,Sambuca Cream
462,"Veal - Chops, Split, Frenched"
463,Vinegar - Cider
464,Daikon Radish
465,Ginger - Ground
466,Squid - U - 10 Thailand
467,Wine - Baron De Rothschild
468,Samosa - Veg
469,"Orange - Canned, Mandarin"
470,Pastry - Choclate Baked
471,Parsley Italian - Fresh
472,Bacardi Raspberry
473,"Cheese - Cheddar, Old White"
474,Towel Dispenser
475,Beer - Creemore
476,Spice - Paprika
477,"Tendrils - Baby Pea, Organic"
478,"Iced Tea - Lemon, 460 Ml"
479,Oil - Grapeseed Oil
480,Lambcasing
481,Eggplant Italian
482,Tea - Green
483,Potatoes - Mini Red
484,Wine - Dubouef Macon - Villages
485,Ginger - Fresh
486,"Trout - Rainbow, Frozen"
487,Wine - Riesling Dr. Pauly
488,Oil - Olive Bertolli
489,Banana - Green
490,"Halibut - Whole, Fresh"
491,Ham - Procutinni
492,Beer - Pilsner Urquell
493,Bag - Regular Kraft 20 Lb
494,Lamb - Rack
495,Cup - 8oz Coffee Perforated
496,Mushroom - Crimini
497,Wine - Balbach Riverside
498,French Kiss Vanilla
499,Tea - Vanilla Chai
500,"Beef - Outside, Round"
501,Milk - Buttermilk
502,Dasheen
503,Chef Hat 25cm
504,Daves Island Stinger
505,Compound - Pear
506,Momiji Oroshi Chili Sauce
507,Compound - Raspberry
508,"Nut - Almond, Blanched, Ground"
509,Blackberries
510,Puree - Strawberry
511,Gloves - Goldtouch Disposable
512,"Lamb - Whole, Frozen"
513,Canada Dry
514,Tumeric
515,Lotus Rootlets - Canned
516,"Turkey - Breast, Double"
517,Fruit Salad Deluxe
518,Wine - Ej Gallo Sierra Valley
519,Fond - Neutral
520,Veal - Kidney
521,"Beets - Candy Cane, Organic"
522,Appetizer - Tarragon Chicken
523,Garbage Bags - Black
524,Horseradish Root
525,Beef Ground Medium
526,Water - Spring 1.5lit
527,Cumin - Whole
528,Compound - Passion Fruit
529,"Pepper - Green, Chili"
530,Soup - Campbells - Tomato
531,Crab - Soft Shell
532,Wine - Red Oakridge Merlot
533,Pepper - Pablano
534,Yams
535,"Crab - Back Fin Meat, Canned"
536,Beer - Paulaner Hefeweisse
537,Chicken - Soup Base
538,Poppy Seed
539,Table Cloth 90x90 Colour
540,Pork - Backfat
541,"Squash - Pattypan, Yellow"
542,"Beef - Baby, Liver"
543,Roe - White Fish
544,Cheese - Sheep Milk
545,"Sauce - White, Mix"
546,Praline Paste
547,Wine - Zinfandel Rosenblum
548,Muffin Carrot - Individual
549,Chocolate Bar - Coffee Crisp
550,Cleaner - Bleach
551,Cheese - Comte
552,Fruit Mix - Light
553,"Pasta - Gnocchi, Potato"
554,"Veal - Tenderloin, Untrimmed"
555,Pie Filling - Pumpkin
556,Sorrel - Fresh
557,Eggplant - Baby
558,Pork - Side Ribs
559,Wine - Marlbourough Sauv Blanc
560,Pepper - Sorrano
561,Liners - Baking Cups
562,Coffee - French Vanilla Frothy
563,"Water - Mineral, Carbonated"
564,Cup Translucent 9 Oz
565,Mini - Vol Au Vents
566,Raspberries - Fresh
567,Parsley - Dried
568,"Cake Circle, Paprus"
569,"Sauce - Gravy, Au Jus, Mix"
570,Juice - Orangina
571,Chinese Foods - Plain Fried Rice
572,Mangoes
573,Smoked Paprika
574,Cookies - Assorted
575,Vanilla Beans
576,Jack Daniels
577,Cocoa Powder - Natural
578,Appetizer - Mango Chevre
579,"Veal - Inside Round / Top, Lean"
580,Island Oasis - Lemonade
581,Kumquat
582,Smoked Paprika
583,"Doilies - 12, Paper"
584,Shopper Bag - S - 4
585,"Sugar - Sweet N Low, Individual"
586,Shiratamako - Rice Flour
587,Wine - Tio Pepe Sherry Fino
588,"Chicken - Thigh, Bone In"
589,Wine - Wyndham Estate Bin 777
590,Muffin Orange Individual
591,Vol Au Vents
592,Ice Cream - Strawberry
593,"Appetizer - Mini Egg Roll, Shrimp"
594,Chicken - Wieners
595,Breadfruit
596,Foam Dinner Plate
597,Lobak
598,Sauce - Salsa
599,Nantucket Orange Juice
600,Remy Red
601,Jameson Irish Whiskey
602,Sugar - White Packet
603,Nut - Pumpkin Seeds
604,"Beans - Black Bean, Dry"
605,Pork - Shoulder
606,"Soup - Campbells, Beef Barley"
607,"Loaf Pan - 2 Lb, Foil"
608,Spice - Montreal Steak Spice
609,Sherry - Dry
610,Pie Shell - 5
611,"Cake Circle, Paprus"
612,Oil - Olive
613,"Vodka - Lemon, Absolut"
614,Bread - Italian Sesame Poly
615,Sole - Iqf
616,Cup Translucent 9 Oz
617,"Soup - Knorr, Classic Can. Chili"
618,"Wine - Red, Mouton Cadet"
619,"Bread - Multigrain, Loaf"
620,Tuna - Sushi Grade
621,Truffle Paste
622,"Pasta - Fettuccine, Dry"
623,Clams - Canned
624,Fireball Whisky
625,Sugar - Icing
626,Cheese - Brie
627,Chicken Breast Halal
628,Beef - Tenderloin Tails
629,Eggroll
630,Duck - Legs
631,Oil - Margarine
632,Pasta - Agnolotti - Butternut
633,Bols Melon Liqueur
634,Cheese - Comtomme
635,"Coconut - Shredded, Unsweet"
636,Assorted Desserts
637,Muffin - Banana Nut Individual
638,"Pork - Sausage, Medium"
639,Cabbage - Red
640,Fruit Mix - Light
641,Bread - Pita
642,Mushroom Morel Fresh
643,Five Alive Citrus
644,Muffin - Banana Nut Individual
645,Fenngreek Seed
646,Vanilla Beans
647,"Veal - Tenderloin, Untrimmed"
648,"Sparkling Wine - Rose, Freixenet"
649,Tuna - Salad Premix
650,"Beans - Long, Chinese"
651,Sunflower Seed Raw
652,Napkin Colour
653,"Pasta - Lasagne, Fresh"
654,"Pasta - Rotini, Colour, Dry"
655,Cake Slab
656,"Wine - White, Mosel Gold"
657,Wine - Carmenere Casillero Del
658,Chocolate - Compound Coating
659,Cake - Bande Of Fruit
660,"Beef - Rib Roast, Capless"
661,Bread - Bistro White
662,Raspberries - Frozen
663,Cheese - Goat
664,Tart - Pecan Butter Squares
665,Pectin
666,Beef - Top Butt Aaa
667,Swiss Chard - Red
668,Scrubbie - Scotchbrite Hand Pad
669,Sauce - Vodka Blush
670,"Pasta - Linguini, Dry"
671,Urban Zen Drinks
672,Beef - Tenderloin Tails
673,"Oil - Olive, Extra Virgin"
674,Goulash Seasoning
675,"Syrup - Monin, Amaretta"
676,"Tart Shells - Sweet, 2"
677,Soho Lychee Liqueur
678,Cheese - Le Cheve Noir
679,Bagel - Whole White Sesame
680,Bread - Pumpernickel
681,"Chocolate - Milk, Callets"
682,Yoplait - Strawbrasp Peac
683,Nut - Pumpkin Seeds
684,Muffin Puck Ww Carrot
685,Lettuce - Romaine
686,Cheese - Ermite Bleu
687,Breakfast Quesadillas
688,Kahlua
689,Bread - Pain Au Liat X12
690,Wine - Bouchard La Vignee Pinot
691,Juice - Lemon
692,"Wine - White, Colubia Cresh"
693,Ecolab - Solid Fusion
694,Mayonnaise
695,Sauce - Vodka Blush
696,Wine - German Riesling
697,Trueblue - Blueberry
698,Hand Towel
699,Lid Tray - 12in Dome
700,Water Chestnut - Canned
701,Container Clear 8 Oz
702,Wine La Vielle Ferme Cote Du
703,Sunflower Seed Raw
704,Tray - 12in Rnd Blk
705,Sugar - White Packet
706,Wine - Savigny - Les - Beaune
707,Sauce - Oyster
708,"Flour - Buckwheat, Dark"
709,Wine - Stoneliegh Sauvignon
710,Island Oasis - Lemonade
711,Daves Island Stinger
712,Glass Clear 7 Oz Xl
713,Melon - Cantaloupe
714,Cookie - Oatmeal
715,Squash - Butternut
716,Pants Custom Dry Clean
717,"Beef - Tongue, Fresh"
718,Yukon Jack
719,Tequila - Sauza Silver
720,Tea - Grapefruit Green Tea
721,Pork - Ground
722,Table Cloth 62x120 Colour
723,Cheese - Grana Padano
724,Sambuca - Opal Nera
725,Tart - Lemon
726,Soup - Campbells Chili Veg
727,Foil Wrap
728,Soup Campbells - Italian Wedding
729,Lettuce - Red Leaf
730,Cheese - St. Andre
731,Cheese - Cambozola
732,Stainless Steel Cleaner Vision
733,Longos - Chicken Caeser Salad
734,Cloves - Ground
735,"Water, Tap"
736,"Quail - Whole, Bone - In"
737,Sherry - Dry
738,"Bread - Roll, Soft White Round"
739,Oil - Sunflower
740,Chicken - Whole Roasting
741,Steam Pan - Half Size Deep
742,Galliano
743,Rabbit - Whole
744,Rice - Aborio
745,The Pop Shoppe - Grape
746,Chips Potato Salt Vinegar 43g
747,Radish - Pickled
748,Rice - Long Grain
749,Sausage - Andouille
750,Mortadella
751,Kellogs Special K Cereal
752,Strawberries - California
753,Pail With Metal Handle 16l White
754,Leeks - Large
755,Trout Rainbow Whole
756,Toothpick Frilled
757,Onion - Dried
758,Quail - Jumbo
759,"Pork - Bacon, Sliced"
760,Tomatoes - Cherry
761,"Beef - Baby, Liver"
762,Chicken - Soup Base
763,Rice Paper
764,Soup - Chicken And Wild Rice
765,Rum - Mount Gay Eclipes
766,Bread - Dark Rye
767,Energy - Boo - Koo
768,Beer - Labatt Blue
769,Sage - Rubbed
770,Wine - Chateauneuf Du Pape
771,"Veal - Tenderloin, Untrimmed"
772,Sprouts - Peppercress
773,Lid - 16 Oz And 32 Oz
774,Bandage - Flexible Neon
775,The Pop Shoppe - Root Beer
776,Lettuce - Escarole
777,"Shrimp - 16 - 20 Cooked, Peeled"
778,"Croissant, Raw - Mini"
779,"Lobster - Tail, 3 - 4 Oz"
780,"Wine - White, Pelee Island"
781,"Chicken - Base, Ultimate"
782,Bandage - Fexible 1x3
783,"Squash - Pattypan, Yellow"
784,Magnotta - Bel Paese White
785,Dragon Fruit
786,"Pepper - Chillies, Crushed"
787,Tomatoes - Roma
788,Bread - Assorted Rolls
789,Beans - Wax
790,Pepper - Sorrano
791,Dr. Pepper - 355ml
792,Beef Flat Iron Steak
793,Trout - Smoked
794,Appetizer - Mango Chevre
795,Bagel - Whole White Sesame
796,"Turkey - Whole, Fresh"
797,Soupfoamcont12oz 112con
798,Chervil - Fresh
799,Pea - Snow
800,Bread - Granary Small Pull
801,Oxtail - Cut
802,"Tortillas - Flour, 12"
803,Rice Paper
804,Chocolate - Liqueur Cups With Foil
805,Guinea Fowl
806,Soup - Campbells Asian Noodle
807,Lettuce - Boston Bib
808,Samosa - Veg
809,Cheese - Grie Des Champ
810,Rice Paper
811,Spice - Greek 1 Step
812,Oranges
813,Salmon Steak - Cohoe 6 Oz
814,Beans - Wax
815,Lettuce - Frisee
816,Tea - Green
817,Pepper - Cubanelle
818,Dome Lid Clear P92008h
819,"Beef - Rib Roast, Capless"
820,"Pasta - Fettuccine, Egg, Fresh"
821,Pastry - Baked Cinnamon Stick
822,"Wine - Red, Metus Rose"
823,Toamtoes 6x7 Select
824,Beans - Fava Fresh
825,Towel Dispenser
826,"Flour - Bran, Red"
827,"Pepper - Black, Whole"
828,Pie Shell - 9
829,Piping - Bags Quizna
830,Kohlrabi
831,Squid - Tubes / Tenticles 10/20
832,Bread Base - Gold Formel
833,Hot Chocolate - Individual
834,Plaintain
835,Chinese Foods - Chicken
836,Bag Clear 10 Lb
837,Wine - Alsace Gewurztraminer
838,"Mushroom - Enoki, Fresh"
839,Soup - Campbells Tomato Ravioli
840,Toothpick Frilled
841,Onions - Cooking
842,"Wine - Magnotta, Merlot Sr Vqa"
843,The Pop Shoppe Pinapple
844,Papadam
845,Calypso - Pineapple Passion
846,Remy Red Berry Infusion
847,Sausage - Meat
848,Beer - Upper Canada Light
849,Wine - Prosecco Valdobienne
850,Anchovy In Oil
851,Latex Rubber Gloves Size 9
852,Wine - Pinot Noir Mondavi Coastal
853,Beef - Striploin Aa
854,Cream Of Tartar
855,"Spoon - Soup, Plastic"
856,"Wine - Red, Pelee Island Merlot"
857,Chicken Breast Halal
858,Tea - Decaf 1 Cup
859,Veal - Inside
860,"Soup - Knorr, Classic Can. Chili"
861,Lemonade - Pineapple Passion
862,Corn - Mini
863,Pecan Raisin - Tarts
864,"Coconut - Creamed, Pure"
865,"Lamb - Whole, Fresh"
866,Orange Roughy 6/8 Oz
867,Nantucket Cranberry Juice
868,Yukon Jack
869,Wine - Fat Bastard Merlot
870,"Tomatoes - Cherry, Yellow"
871,Soup - Campbells Mac N Cheese
872,Salt And Pepper Mix - Black
873,Muffin - Banana Nut Individual
874,Muffin Mix - Blueberry
875,Ham - Cooked Bayonne Tinned
876,Puff Pastry - Slab
877,Appetiser - Bought
878,Wine - Masi Valpolocell
879,"Tart Shells - Sweet, 3"
880,Pastry - Baked Scones - Mini
881,Olives - Stuffed
882,Tea - Herbal Sweet Dreams
883,Beer - Sleeman Fine Porter
884,Broom - Corn
885,Leeks - Large
886,Pheasants - Whole
887,Oil - Avocado
888,"Tea - Darjeeling, Azzura"
889,"Wine - Red, Concha Y Toro"
890,"Soup - Campbells, Minestrone"
891,Muffin Hinge - 211n
892,Cherries - Frozen
893,"Soup - Knorr, Ministrone"
894,"Wine - Red, Antinori Santa"
895,Gatorade - Lemon Lime
896,"Lamb - Whole, Fresh"
897,"Bread - Pumpernickle, Rounds"
898,Relish
899,Chives - Fresh
900,Oil - Olive
901,Veal - Heart
902,Water - Aquafina Vitamin
903,"Lemonade - Strawberry, 591 Ml"
904,Sour Puss Sour Apple
905,Macaroons - Homestyle Two Bit
906,Mix - Cocktail Ice Cream
907,"Pasta - Lasagne, Fresh"
908,"Oranges - Navel, 72"
909,Wine - Rhine Riesling Wolf Blass
910,Sugar - Palm
911,Coffee - Hazelnut Cream
912,Persimmons
913,Sprouts - Bean
914,Fondant - Icing
915,"Pepper - Black, Ground"
916,Flavouring - Orange
917,"Wine - White, Riesling, Semi - Dry"
918,Sea Bass - Fillets
919,Sun - Dried Tomatoes
920,Parasol Pick Stir Stick
921,Beer - Tetleys
922,Bread - Raisin
923,Truffle - Peelings
924,"Wine - White, Riesling, Henry Of"
925,Ecolab - Hobart Upr Prewash Arm
926,"Tomatoes - Diced, Canned"
927,Cake - Pancake
928,Fenngreek Seed
929,Wine - Rhine Riesling Wolf Blass
930,Pears - Anjou
931,Milk - 1%
932,Soup - French Can Pea
933,V8 Splash Strawberry Banana
934,Tobasco Sauce
935,Breakfast Quesadillas
936,Puree - Raspberry
937,"Veal - Shank, Pieces"
938,Cookies Cereal Nut
939,Soup Campbells - Tomato Bisque
940,Ham - Procutinni
941,Bandage - Fexible 1x3
942,Cake - Pancake
943,Puff Pastry - Sheets
944,Lettuce - Treviso
945,Muffin - Banana Nut Individual
946,Beer - Tetleys
947,Cheese - Parmigiano Reggiano
948,Extract - Lemon
949,Muffin Mix - Oatmeal
950,Wine - Savigny - Les - Beaune
951,"Pepper - Black, Ground"
952,Cheese - Cream Cheese
953,Nacho Chips
954,Peppercorns - Green
955,Chicken - Whole
956,"Lamb - Pieces, Diced"
957,"Cup - 3.5oz, Foam"
958,Chef Hat 25cm
959,Pineapple - Golden
960,Petite Baguette
961,Rice - Aborio
962,Beer - True North Strong Ale
963,Chicken Thigh - Bone Out
964,Ginger - Ground
965,"Capon - Breast, Wing On"
966,Wine - Magnotta - Belpaese
967,Longos - Chicken Curried
968,Spice - Paprika
969,Tamarillo
970,Cakes Assorted
971,Brandy - Bar
972,"Sauce - Black Current, Dry Mix"
973,Muffin Orange Individual
974,The Pop Shoppe - Grape
975,"Soup - Campbells, Creamy"
976,Sole - Fillet
977,Banana Turning
978,"Beans - Turtle, Black, Dry"
979,Cup - Translucent 7 Oz Clear
980,Tofu - Firm
981,Bread - Mini Hamburger Bun
982,Flour - Pastry
983,Cabbage - Red
984,Chinese Foods - Plain Fried Rice
985,"Wine - Red, Marechal Foch"
986,Salmon - Fillets
987,Wine - Manischewitz Concord
988,Ecolab Crystal Fusion
989,Coffee - Decafenated
990,"Seedlings - Buckwheat, Organic"
991,Bok Choy - Baby
992,Turkey - Ground. Lean
993,"Basil - Dry, Rubbed"
994,Wine - Pinot Noir Stoneleigh
995,Okra
996,Pork - Smoked Back Bacon
997,Flounder - Fresh
998,Bread - Wheat Baguette
999,"Soup - Knorr, French Onion"
